ID_author;sent_neg;sent_neu;sent_pos;sent_compound
50;5,20E+16;885;63;-3204
50;0;953;47;4291
52;81;787;132;9843
52;8,80E+15;67;242;9924
84;9;759;152;911
84;86;735;179;9743
113;0;926;7,40E+15;5588
113;0;10;0;0
148;138;813;49;-9451
148;57;659;284;984
161;189;745;67;-9835
161;0;87;13;8074
174;166;711;123;-9186
174;239;6,92E+15;69;-9776
190;155;8,17E+15;28;-7969
190;134;705;161;1531
198;55;84;105;3913
198;0;865;135;8253
228;179;7,39E+15;8,20E+15;-9929
228;7,20E+15;879;49;-4864
235;219;67;11;-9852
235;117;725;158;6816
254;102;797;1;-8006
254;53;925;22;-4215
275;97;785;118;5807
275;76;8,08E+15;116;6933
277;317;616;68;-9559
277;149;8,22E+15;28;-7566
283;158;7,61E+15;81;-8054
283;111;831;59;-6969
298;102;7,86E+15;112;6765
298;38;833;129;9819
320;8,90E+15;862;48;-6299
320;0;10;0;0
426;28;684;2,88E+16;9988
426;12;77;11;-5911
447;5;83;12;7112
447;0;583;417;6124
485;149;738;113;-2335
485;138;792;7;-8677
514;58;815;127;8698
514;0;948;5,20E+16;3094
534;21;8,11E+15;168;9787
534;0;10;0;0
580;246;67;84;-9988
580;215;662;123;-9462
590;184;687;129;-6582
590;104;818;79;-509
597;145;779;76;-9047
597;3,60E+16;782;182;9939
602;68;858;7,40E+15;214
602;139;693;168;3574
660;1,64E+16;758;78;-9568
660;8,90E+15;8,22E+15;8,90E+15;0
692;195;636;1,69E+16;-7736
692;149;7;151;3266
702;163;802;35;-9861
702;105;6,68E+15;227;8385
717;1,80E+16;911;71;6421
717;129;812;6;-8056
737;123;738;139;8201
737;131;6,99E+15;17;4215
759;76;8,06E+15;118;4398
759;115;84;45;-7779
825;22;962;16;-979
825;219;7,24E+15;57;-733
855;97;8,42E+15;61;-7422
855;42;887;7,20E+15;4679
864;185;752;63;-9666
864;162;838;0;-9319
891;165;7,29E+15;106;-9755
891;15;718;132;-8659
894;47;836;117;9257
894;3;828;142;7655
897;5,40E+16;78;166;9915
897;116;779;105;1497
905;5;835;115;8,29E+15
905;51;758;191;7241
911;163;8,37E+15;0;-8934
911;71;601;328;9605
941;62;711;227;8762
941;0;858;142;7975
987;185;727;8,80E+15;-9725
987;151;7,07E+15;142;19
1004;276;621;103;-9936
1004;107;762;131;5647
1067;124;7,44E+15;132;5301
1067;259;6,89E+15;5,20E+16;-9866
1071;152;7,34E+15;114;-938
1071;189;8,01E+15;1;-9862
1073;81;75;1,69E+16;9978
1073;98;792;11;2134
1132;189;75;61;-9911
1132;96;784;121;-387
1139;65;795;14;9691
1139;77;716;207;9861
1150;7;865;65;-6689
1150;111;816;7,20E+15;-9391
1153;125;84;35;-5707
1153;0;795;205;6588
1212;212;6,71E+15;117;-9937
1212;0;723;277;9845
1218;76;8;124;9923
1218;135;799;66;-9042
1231;65;775;16;9724
1231;112;753;135;8307
1237;8;82;99;-516
1237;205;6,76E+15;119;-7738
1248;235;614;151;-9905
1248;188;6,76E+15;1,37E+16;-9161
1272;25;66;9;-9988
1272;8,20E+15;738;18;9755
1297;0;741;259;6486
1297;0;10;0;0
1303;109;738;153;9953
1303;79;607;315;9634
1327;55;883;62;1027
1327;135;71;155;-1082
1337;145;7,93E+15;63;-7683
1337;363;637;0;-967
1363;67;7,71E+15;162;9753
1363;284;6,99E+15;17;-9782
1381;146;84;13;-9024
1381;233;767;0;-907
1393;1,86E+16;649;165;-9393
1393;99;7,98E+15;103;-1098
1426;99;8,29E+15;71;-7383
1426;104;721;175;9029
1434;7;8;13;8,22E+15
1434;51;8,86E+15;63;1749
1446;15;831;19;-9746
1446;1,43E+16;723;134;489
1452;236;723;41;-9983
1452;71;835;94;1177
1466;197;7,39E+15;64;-9264
1466;78;8,81E+15;41;-2942
1493;259;6,76E+15;64;-9952
1493;131;769;101;-6864
1496;0;701;299;8768
1496;105;774;121;3632
1535;223;767;1;-9936
1535;126;741;133;-2584
1556;11;768;122;3753
1556;8;8,86E+15;34;-7992
1634;153;682;165;7723
1634;242;6,81E+15;77;-9879
1667;78;8;122;8271
1667;275;684;41;-8631
1;219;7,19E+15;62;-925
2;1,69E+16;755;77;-9823
3;113;792;96;-1027
4;184;703;114;-4704
5;62;8,19E+15;119;9885
6;96;812;93;-128
7;138;782;8;-7149
8;17;75;8;-9606
9;69;807;124;9559
10;64;8,64E+15;7,20E+15;2869
11;151;772;77;-9044
12;33;8,34E+15;133;9827
13;0;8,54E+15;146;8126
14;112;7,66E+15;122;6119
15;9;736;175;9733
16;94;906;0;-7425
17;1,64E+16;7,07E+15;129;-3612
18;76;757;1,67E+16;7105
19;0;877;123;8591
20;73;885;42;2693
21;91;787;122;1803
22;221;741;38;-9537
23;209;6,94E+15;97;-9029
24;154;779;67;-8781
25;129;6,97E+15;174;6336
26;104;774;122;9159
27;102;8,19E+15;79;-2161
28;107;82;73;-3597
29;0;747;253;8585
30;1,43E+16;721;136;-2515
31;94;7,91E+15;115;6088
32;0;10;0;0
33;236;653;111;-8667
34;102;769;129;9441
35;185;755;6;-9438
36;0;96;4;4386
37;122;768;11;-6946
38;206;675;119;-9954
39;0;359;6,41E+15;9442
40;111;735;153;3948
41;0;919;81;3818
42;59;912;29;-2508
43;1,37E+16;792;71;-923
44;0;934;66;5,33E+15
45;51;8,19E+15;13;9383
46;7;872;58;516
47;183;7,02E+15;116;-9294
48;133;867;0;-4956
49;183;645;172;-8442
54;117;72;163;945
55;127;7,24E+15;149;8283
56;0;894;106;5502
57;67;818;116;7218
58;94;8,06E+15;1;5397
59;42;736;222;9216
60;191;6,81E+15;128;-9858
61;121;728;151;1779
62;81;758;161;8951
63;71;812;117;5514
64;1,37E+16;706;157;4169
65;102;823;76;-741
66;75;746;179;5192
67;66;899;35;-726
68;111;7,88E+15;102;-2312
69;2;7,76E+15;24;-9902
70;0;802;198;9522
71;5,20E+16;794;155;7579
72;123;877;0;-8205
73;192;7,51E+15;57;-9963
74;0;919;81;504
75;168;7,51E+15;8;-975
76;2;7,56E+15;224;981
77;155;6,94E+15;151;-2205
78;149;7,34E+15;117;-9921
79;55;86;86;3798
80;83;878;39;-5276
81;0;917;83;6597
82;17;7,39E+15;9;-685
83;207;778;15;-9727
86;101;82;79;-6782
87;85;7,39E+15;1,76E+16;9784
88;138;779;8,20E+15;-8954
89;254;652;94;-9319
90;201;69;109;-979
91;217;7,14E+15;69;-9456
92;412;531;57;-9913
93;364;636;0;-4588
94;104;856;4;-6199
95;17;76;7;-9857
96;58;789;153;4215
97;101;823;76;-8892
98;11;7,93E+15;97;-768
99;57;873;7;-516
100;21;655;134;-9689
101;35;762;202;7717
102;94;769;1,37E+16;4866
103;111;8,24E+15;65;-8993
104;153;611;235;7436
105;61;939;0;-2924
106;92;908;0;-5931
107;0;928;7,20E+15;3036
108;136;7,86E+15;78;-9219
109;44;926;29;1084
110;236;619;145;-911
111;8;902;9;9563
112;121;72;158;8947
115;146;762;93;-9904
116;56;6,86E+15;258;9423
117;8;721;199;9914
118;0;868;132;8173
119;267;67;63;-99
120;208;75;42;-9438
121;0;888;112;6767
122;58;773;1,69E+16;9927
123;384;578;38;-9952
124;341;626;33;-9723
125;109;836;55;-8291
126;0;902;98;7176
127;192;792;16;-8949
128;79;7;221;9186
129;109;8,03E+15;87;936
130;254;629;117;-9972
131;107;76;133;9514
132;53;836;112;9452
133;257;713;3;-9191
134;83;877;4;-6858
135;153;7,12E+15;135;2065
136;122;7,61E+15;117;-6603
137;119;841;41;-7946
138;109;758;133;431
139;1,69E+16;799;31;-9695
140;139;861;0;-6848
141;315;685;0;-9455
142;12;784;96;-2653
143;68;8;132;8516
144;138;748;115;-8162
145;133;772;94;-9953
146;163;6,56E+15;181;2705
147;5,40E+16;7,98E+15;1,48E+16;7538
150;41;7,88E+15;171;8727
151;135;7,93E+15;7,20E+15;-7622
152;107;7,96E+15;98;2876
153;122;789;9;-2913
154;3,60E+16;8,91E+15;73;4501
155;187;721;92;-946
156;96;848;56;-6642
157;111;8,54E+15;35;-911
158;7;7,51E+15;179;9979
159;48;8,14E+15;1,37E+16;9285
160;0;914;86;4404
163;138;7,71E+15;91;-8156
164;95;887;1,80E+16;-8386
165;13;7,24E+15;147;4355
166;0;823;177;5661
167;128;735;1,37E+16;8354
168;161;6,92E+15;147;-8662
169;115;706;18;9851
170;47;841;112;4291
171;116;835;49;-9501
172;189;741;7;-9828
173;99;774;126;1531
176;312;5,82E+15;105;-9948
177;65;855;8;1803
178;213;599;188;-8,08E+15
179;1,80E+16;563;419;9879
180;131;758;111;-7202
181;261;649;9;-9682
182;86;777;1,37E+16;986
183;313;511;1,76E+16;-7905
184;97;8,44E+15;59;-6023
185;91;8,81E+15;28;-9033
186;7;856;7,40E+15;-1779
187;115;812;7,40E+15;-8747
188;13;8,59E+15;1;-9333
189;146;634;219;936
192;0;847;153;8832
193;0;8,27E+15;173;8767
194;5,20E+16;852;96;4329
195;84;8,19E+15;97;4277
196;111;718;171;9575
197;292;66;48;-9872
200;122;8,01E+15;78;-8524
201;73;8,42E+15;84;1561
202;41;737;222;9987
203;145;7,44E+15;111;-9376
204;201;6,51E+15;1,48E+16;-8769
205;44;8,37E+15;119;9253
206;8,20E+15;81;108;5,38E+15
207;8,80E+15;845;67;-2023
208;275;629;96;-9979
209;104;7,83E+15;113;-736
210;127;78;93;-9604
211;7,40E+15;8,44E+15;8,20E+15;-3313
212;34;902;64;4728
213;191;6,58E+15;151;-3527
214;76;861;63;2632
215;261;644;95;-6597
216;58;855;87;3094
217;32;779;189;959
218;103;813;84;-9112
219;171;6,41E+15;188;-182
220;155;7,29E+15;115;-9346
221;189;745;67;-9372
222;44;769;187;9864
223;105;816;79;-4689
224;139;754;106;-9503
225;279;516;205;1152
226;39;863;98;6966
227;262;521;217;-743
230;8,80E+15;846;66;-7692
231;97;903;0;-8754
232;58;752;19;9189
233;174;7,98E+15;28;-9516
234;77;772;151;2,96E+16
237;157;7,39E+15;104;-9311
238;16;835;5;-9844
239;132;742;126;-5842
240;2,16E+16;752;32;-9721
241;48;928;24;-5492
242;14;738;122;-6922
243;8,90E+15;8,34E+15;77;-7528
244;138;775;86;-8637
245;8,20E+15;802;116;9906
246;173;767;6;-9382
247;159;8,14E+15;26;-9738
248;25;863;112;732
249;274;687;39;-9646
250;53;777;1,69E+16;9318
251;187;6,83E+15;13;-916
252;209;6,56E+15;135;-7151
253;43;8,42E+15;115;6057
256;135;774;91;-9547
257;1,69E+16;619;212;8219
258;2,70E+16;851;122;9161
259;7,20E+15;8,27E+15;1;7699
260;125;821;55;-2732
261;4;848;113;9105
262;151;7,93E+15;56;-8519
263;8,80E+15;8,14E+15;99;-1143
264;7,20E+15;823;105;5996
265;75;711;215;8703
266;62;7,96E+15;142;4019
267;0;843;157;6597
268;155;743;102;-9687
269;277;612;111;-9904
270;153;7,07E+15;14;-6679
271;93;69;217;9165
272;131;758;111;-1027
273;117;8,37E+15;46;-9697
274;7,20E+15;894;34;-8799
279;0;923;77;8229
280;117;797;86;-6033
281;0;10;0;0
282;46;831;123;8117
285;195;7,14E+15;9;-7447
286;7;93;0;-4854
287;208;728;64;-9864
288;189;71;101;-7841
289;125;785;8,90E+15;-9
290;195;7,07E+15;98;-9644
291;187;732;81;-5399
292;133;79;77;-8333
293;2;677;123;-8832
294;133;769;98;-8463
295;0;815;185;8243
296;222;66;118;-9952
297;1;795;105;2605
300;3,52E+16;614;34;-9377
301;73;7,88E+15;139;9727
302;91;794;115;6312
303;134;7,12E+15;154;3415
304;112;731;157;9952
305;5,20E+16;8,11E+15;138;9849
306;162;688;15;-609
307;0;6,99E+15;301;9465
308;157;7,02E+15;141;-627
309;0;92;8;6662
310;146;772;81;-996
311;93;877;3;-9157
312;196;6,89E+15;115;-9328
313;0;935;65;4039
314;201;518;28;3818
315;0;10;0;0
316;102;737;161;9872
317;0;10;0;0
318;61;833;106;6271
319;184;696;12;-9737
322;2,83E+16;68;3,60E+16;-9522
323;168;7,04E+15;128;-6814
324;205;721;7,40E+15;-969
325;141;833;26;-9764
326;6;762;1,78E+16;9931
327;73;8,69E+15;58;-4019
328;1,64E+16;7,29E+15;107;-3206
329;1,78E+16;708;114;-981
330;76;885;39;-4588
331;1,48E+16;797;55;-6941
332;101;66;239;9537
333;0;715;285;9935
334;48;846;107;9748
335;16;7,07E+15;133;-7,51E+15
336;44;8,49E+15;107;7564
337;103;763;134;6776
338;279;665;56;-9955
339;158;752;9;-8912
340;1,43E+16;7,49E+15;109;-928
341;122;733;145;6072
342;1,64E+16;7,83E+15;53;-9706
343;1,67E+16;754;79;-4007
344;132;8,37E+15;3;-9616
345;0;785;215;7418
346;91;7,49E+15;16;5574
347;3,46E+16;654;0;-5719
348;334;5,66E+15;99;-9367
349;93;847;61;-6394
350;71;8,44E+15;84;3916
351;163;7,49E+15;8,80E+15;-6664
352;23;87;108;9649
353;0;10;0;0
354;35;879;87;4497
355;162;72;118;-9275
356;163;8,14E+15;23;-9683
357;6;84;1;7346
358;158;789;53;-9822
359;205;7,83E+15;13;-9524
360;6;8,06E+15;134;5067
361;174;733;92;-9746
362;112;8,29E+15;6;-9717
363;96;815;9;4784
364;123;748;129;8001
365;22;752;28;-968
366;0;936;64;3378
367;17;705;125;-9362
368;0;7,49E+15;251;6553
369;6;925;69;9619
370;104;758;139;9119
371;126;831;44;-9451
372;13;78;9;-6315
373;237;763;0;-967
374;59;8,08E+15;133;9605
375;0;10;0;0
376;11;782;108;-164
377;31;8,96E+15;7,20E+15;8056
378;115;823;62;-8791
379;135;773;92;-7713
380;99;7,51E+15;15;647
381;123;76;118;-4036
382;453;547;0;-9696
383;157;843;0;-5499
384;252;655;92;-9507
385;274;58;147;-8031
386;95;8,19E+15;87;-597
387;0;818;182;9577
388;17;753;77;-9474
389;8;6,92E+15;228;9611
390;199;8,01E+15;0;-9765
391;23;77;0;-9179
392;55;903;42;-1431
393;48;7,39E+15;213;8679
394;177;5,72E+15;251;8758
395;5;843;108;8996
396;0;588;412;8442
397;22;8,49E+15;129;9141
398;214;741;45;-995
399;0;747;253;9109
400;0;601;399;9274
401;146;652;202;7401
402;157;737;106;-7914
403;192;655;152;-9693
404;116;884;0;-7745
405;254;6,71E+15;7,40E+15;-9811
406;134;785;81;-8311
407;104;845;51;-9445
408;81;847;71;844
409;134;747;12;-7148
410;151;748;101;-7181
411;24;76;2,16E+16;8787
412;38;871;91;8,19E+15
413;154;713;133;-2278
414;179;605;2,16E+16;705
415;38;878;84;9444
416;32;906;62;4389
417;38;8,81E+15;81;4877
418;77;846;77;-4497
419;1,69E+16;69;141;-8582
420;189;667;1,44E+16;-8,01E+15
421;49;836;115;9043
422;34;899;67;1433
423;93;8,06E+15;1;-163
424;162;777;61;-8993
425;0;893;107;775
428;139;693;1,67E+16;644
429;188;632;18;-128
430;25;778;197;9231
431;212;679;109;-9917
432;1;83;7;-5491
433;132;748;12;-8447
434;85;6,89E+15;226;8863
435;134;7,83E+15;83;-8951
436;183;735;83;-9932
437;0;746;254;9968
438;0;883;117;4696
439;117;76;122;-5079
440;68;8,06E+15;127;8994
441;264;6,61E+15;7,40E+15;-9649
442;115;696;189;6797
443;0;915;85;3612
444;0;807;193;8427
445;83;785;133;8971
446;56;841;103;921
449;151;647;202;9927
450;5,40E+16;897;49;-4557
451;4;8,54E+15;106;75
452;0;918;8,20E+15;743
453;131;8,69E+15;0;-7904
454;108;8,27E+15;65;-8047
455;75;8,08E+15;116;9749
456;75;873;5,20E+16;-9414
457;12;687;193;7,44E+15
458;6;8,74E+15;66;-96
459;77;8,24E+15;99;6634
460;218;7,61E+15;2;-9721
461;28;916;56;6546
462;129;7,24E+15;147;-126
463;152;677;171;-504
464;8;8,06E+15;114;9418
465;311;63;59;-9808
466;147;745;108;-9586
467;1;794;106;567
468;0;797;203;6553
469;55;883;62;6124
470;8;805;115;3695
471;98;77;133;894
472;97;795;108;5603
473;273;63;97;-9951
474;1,78E+16;657;165;-269
475;197;7,51E+15;5,20E+16;-9214
476;185;711;104;-9732
477;139;7,76E+15;85;-9459
478;261;667;7,20E+15;-9315
479;116;722;162;9252
480;81;794;125;9513
481;196;7,07E+15;97;-9616
482;203;741;55;-996
483;107;8,19E+15;7,40E+15;-3899
484;24;727;249;9386
487;134;8,14E+15;5,20E+16;-9827
488;1,48E+16;75;102;-892
489;25;75;0;-853
490;97;7,12E+15;191;9895
491;165;7,17E+15;119;-875
492;78;797;125;5927
493;0;831;1,69E+16;9758
494;292;688;2;-9654
495;132;7,93E+15;75;-7803
496;58;8;142;9275
497;109;7,49E+15;142;5376
498;122;752;126;-1857
499;51;8,03E+15;146;9071
500;98;841;61;-7924
501;115;69;195;9724
502;67;858;75;6865
503;134;7,81E+15;85;-8446
504;65;8,54E+15;8,20E+15;3999
505;142;8,01E+15;57;-9657
506;192;695;113;-9851
507;23;7,09E+15;61;-985
508;84;816;1;-1362
509;7;879;51;-2263
510;1,37E+16;78;83;-968
511;111;743;146;8994
512;53;86;87;7968
513;706;294;0;-802
516;0;917;83;4857
517;1;742;159;8955
518;0;642;358;9081
519;59;8,03E+15;1,37E+16;9388
520;168;743;8,80E+15;-7713
521;62;7,02E+15;236;7351
522;217;7,83E+15;0;-9758
523;138;792;69;-9335
524;5,40E+16;8,81E+15;66;4836
525;187;746;67;-9875
526;197;742;61;-9782
527;31;705;264;9661
528;0;926;7,40E+15;5803
529;204;662;134;-9777
530;168;6,56E+15;1,76E+16;399
531;9;84;7;-5069
532;107;742;151;9623
533;23;823;154;8712
536;8,90E+15;911;0;-5007
537;76;868;56;-504
538;108;851;42;-9247
539;2;8,06E+15;174;9712
540;146;72;134;-5118
541;92;735;173;9276
542;57;872;71;2506
543;7;8,39E+15;9;4439
544;174;7,49E+15;76;-7136
545;278;627;95;-8705
546;5,40E+16;815;131;9642
547;5,20E+16;865;83;9524
548;212;764;24;-9454
549;223;5,54E+15;224;-2402
550;129;7,14E+15;157;4245
551;181;8,19E+15;0;-8943
552;1,76E+16;726;98;-9632
553;267;705;28;-976
554;119;7,91E+15;9;-2023
555;196;7,24E+15;79;-9923
556;43;89;67;3149
557;5,40E+16;818;128;8485
558;2;6,83E+15;118;-9776
559;231;721;48;-904
560;45;893;62;-1027
561;102;809;8,90E+15;1086
562;92;7,07E+15;202;9783
563;69;79;141;373
564;75;797;128;8074
565;212;718;69;-9849
566;254;6,73E+15;73;-9062
567;12;7,96E+15;84;-9273
568;152;7,81E+15;67;-9886
569;125;75;126;2817
570;92;8,39E+15;69;-952
571;1,76E+16;78;44;-765
572;0;812;188;9081
573;109;7,88E+15;103;-5859
574;192;723;85;-8658
575;275;64;86;-9824
576;147;703;15;7765
577;24;897;79;743
578;114;733;153;967
579;113;84;47;-897
582;0;892;108;7235
583;1;8,59E+15;41;-9581
584;122;802;76;-9746
585;126;768;106;-5678
586;2;8,54E+15;126;9
587;8,20E+15;8,19E+15;99;1298
588;91;557;3,52E+16;8831
589;0;10;0;0
592;123;73;147;7982
593;1,67E+16;7,07E+15;126;-9766
594;165;76;75;-9867
595;84;6,97E+15;219;9023
596;149;762;8,90E+15;-8522
599;4;8,69E+15;9;9163
600;111;8,54E+15;35;-9312
601;1,37E+16;69;173;9315
604;142;77;8,80E+15;-9896
605;157;754;9;-9383
606;48;763;189;9966
607;214;7,39E+15;47;-979
608;77;764;159;943
609;86;762;151;9564
610;0;962;38;4696
611;258;701;42;-9798
612;16;767;73;-9488
613;7,20E+15;878;5;-7791
614;136;7,98E+15;66;-9968
615;96;904;0;-5028
616;105;755;14;9499
617;128;6,81E+15;191;9252
618;79;7,71E+15;15;9576
619;115;885;0;-5459
620;185;815;0;-8944
621;98;767;135;9227
622;53;754;193;9185
623;5,40E+16;7,76E+15;17;9799
624;79;892;29;-9556
625;124;52;3,56E+16;9681
626;159;708;133;-9331
627;125;74;135;-6204
628;116;865;19;-8025
629;66;8,29E+15;105;8749
630;8;845;75;-3641
631;175;6,68E+15;157;-7077
632;0;856;1,44E+16;4019
633;152;731;117;-906
634;65;9;35;-4606
635;103;8,27E+15;69;-93
636;1;88;2;-9709
637;168;755;77;-9831
638;24;715;45;-9983
639;188;7,17E+15;95;-8087
640;0;929;71;6289
641;0;971;29;772
642;3;752;218;9517
643;67;767;166;918
644;96;757;146;2263
645;193;743;63;-9961
646;58;894;48;-2748
647;1,67E+16;7,34E+15;99;-9981
648;334;574;91;-9553
649;46;833;121;9427
650;3;913;56;2523
651;255;69;55;-9788
652;139;738;122;-5684
653;233;767;0;-9778
654;228;652;12;-8411
655;159;674;1,67E+16;-303
656;96;845;59;-7385
657;125;7,56E+15;119;1898
658;219;7;81;-9924
659;0;10;0;0
662;9;695;215;9603
663;47;953;0;-5931
664;149;6,92E+15;159;8912
665;187;602;21;1926
666;165;6,86E+15;149;-1128
667;199;733;67;-9968
668;199;768;33;-9887
669;161;698;141;-3968
670;81;865;5,40E+16;-7089
671;226;753;21;-973
672;1,43E+16;8,19E+15;38;-959
673;8,20E+15;731;187;8791
674;179;693;128;-9834
675;151;77;78;-9703
676;179;701;12;-9174
677;102;815;83;-3839
678;71;799;13;8114
679;114;8,17E+15;69;-5539
680;136;7,14E+15;15;-123
681;102;838;6;-9906
682;121;6,86E+15;193;9467
683;56;846;98;-3197
684;138;763;99;-9175
685;113;675;212;9501
686;2,16E+16;615;168;-9776
687;25;6,86E+15;289;9774
688;51;8,14E+15;135;8757
689;17;775;5,40E+16;-9936
690;121;716;163;8987
691;0;10;0;0
694;0;10;0;0
695;97;826;77;-1877
696;133;787;8;-996
697;162;736;102;-8745
698;8,20E+15;78;138;8578
699;127;7,86E+15;87;-5284
700;233;754;13;-989
701;8,80E+15;89;22;-8095
704;197;753;49;-8492
705;312;474;214;-5994
706;163;746;91;-7707
707;115;812;7,40E+15;-9287
708;1,48E+16;7,86E+15;66;-8702
709;92;8,37E+15;7,20E+15;-5223
710;102;816;8,20E+15;-7717
711;187;74;73;-9586
712;321;649;3;-9801
713;67;747;187;7135
714;157;7,76E+15;67;-8906
715;28;6,73E+15;47;-9883
716;126;7,71E+15;102;-2263
719;155;701;1,44E+16;0
720;179;821;0;-4696
721;142;736;123;-8852
722;159;727;113;-917
723;84;718;198;9248
724;84;784;132;9024
725;1;76;14;6137
726;141;701;158;7405
727;78;82;102;9062
728;187;721;92;-9611
729;81;872;47;-9088
730;8,90E+15;75;161;9874
731;209;748;43;-9545
732;62;8,54E+15;84;7976
733;155;706;139;-8534
734;1,48E+16;82;32;-9589
735;108;7,81E+15;111;-2075
736;66;72;215;9567
739;179;7,12E+15;109;-961
740;171;67;158;-5139
741;158;767;75;-9939
742;188;747;65;-9429
743;29;818;154;9645
744;147;6,92E+15;161;8643
745;55;7,61E+15;183;966
746;139;768;93;-634
747;139;779;8,20E+15;-8918
748;145;696;159;6762
749;106;773;121;3701
750;5;882;68;1531
751;132;732;135;-3813
752;58;82;122;9577
753;255;711;34;-9799
754;94;703;203;9967
755;119;785;97;-3071
756;149;757;94;-9835
757;149;7,56E+15;94;-9791
758;7;7,81E+15;149;9315
761;124;7,93E+15;8,20E+15;-4677
762;87;747;166;9143
763;121;723;156;8931
764;348;474;179;-9585
765;24;95;25;225
766;0;848;152;8716
767;241;636;123;-3818
768;177;616;207;9292
769;53;795;152;9567
770;109;835;55;-9117
771;154;846;0;-6577
772;195;7,51E+15;5,40E+16;-9807
773;87;71;203;7278
774;125;7,93E+15;8,20E+15;-9159
775;139;7,81E+15;8;-9291
776;0;775;225;7269
777;0;6,58E+15;342;8875
778;79;8,91E+15;31;-4137
779;56;799;145;9277
780;91;794;115;9672
781;64;789;147;8188
782;156;757;8,80E+15;-6496
783;156;802;42;-6254
784;15;8;5;-9579
785;193;736;71;-9776
786;1;833;68;-6318
787;157;604;238;946
788;104;696;199;6356
789;134;7,49E+15;116;-9367
790;146;8,08E+15;46;-8645
791;187;777;3,60E+16;-9589
792;15;741;108;-8128
793;161;679;159;-5023
794;58;836;106;5803
795;1;784;116;7905
796;81;764;155;9436
797;15;7,83E+15;66;-952
798;158;7,24E+15;119;-9441
799;23;8,01E+15;1,76E+16;959
800;135;74;124;-3782
801;1,76E+16;738;86;-8933
802;7;8,06E+15;124;8858
803;19;6,89E+15;121;-9819
804;67;847;86;4619
805;222;691;86;-9839
806;0;907;93;5859
807;132;809;58;-9038
808;73;8,19E+15;109;7144
809;142;794;64;-774
810;129;8,44E+15;26;-8299
811;185;664;151;-9346
812;123;835;42;-9859
813;122;7,09E+15;1,69E+16;901
814;13;6,51E+15;22;9347
815;0;10;0;0
816;33;6,97E+15;27;952
817;98;746;156;875
818;174;826;0;-5719
819;108;836;57;-9257
820;249;631;12;-9763
821;3;628;7,20E+15;-9734
822;86;807;107;4618
823;135;733;132;1455
824;306;5,82E+15;112;-9969
827;0;7,34E+15;266;8685
828;129;765;105;-8433
829;0;10;0;0
830;13;816;171;9583
831;31;831;138;7184
832;1,69E+16;682;1,48E+16;-5251
833;0;907;93;3939
834;19;657;153;-8708
835;174;698;128;-6436
836;86;7,93E+15;121;899
837;131;7,04E+15;165;8819
838;159;72;121;-6809
839;235;6,83E+15;8,20E+15;-9918
840;123;725;152;8683
841;45;8,64E+15;9;5104
842;135;8,27E+15;38;-9245
843;86;843;71;-8,01E+15
844;243;685;7,20E+15;-9827
845;99;855;45;-9224
846;254;705;41;-8505
847;1,44E+16;649;207;9573
848;66;934;0;-4019
849;7;8,74E+15;55;-2676
850;166;7,66E+15;68;-9788
851;0;861;139;6707
852;139;81;51;-8014
853;17;8,01E+15;29;-9647
854;3;951;19;-2458
857;131;685;184;91
858;141;799;59;-91
859;201;754;45;-9386
860;199;743;58;-9985
861;38;848;115;721
862;0;6,56E+15;344;9017
863;254;645;101;-9954
866;99;851;5;-6467
867;73;84;86;9015
868;6;755;185;8297
869;86;8,91E+15;22;-6808
870;227;6,92E+15;81;-9871
871;64;7,76E+15;16;9976
872;117;773;11;-7647
873;119;8,49E+15;32;-9399
874;264;736;0;-7269
875;173;8;2,70E+16;-9178
876;231;7,07E+15;62;-9264
877;7,40E+15;88;46;-7956
878;107;7,34E+15;159;7804
879;7,20E+15;809;119;4684
880;134;7,88E+15;79;-9526
881;46;76;195;9657
882;132;74;128;-2025
883;97;802;1;6411
884;85;7,98E+15;118;9
885;68;845;87;5162
886;38;938;25;-4247
887;183;757;6;-8735
888;14;755;105;-8639
889;1,86E+16;6,92E+15;122;-8103
890;93;825;8,20E+15;-2732
893;84;7,76E+15;139;9751
896;7,20E+15;8;127;9502
899;119;662;218;7562
900;308;617;75;-9911
901;199;636;1,64E+16;-8903
902;241;667;92;-9314
903;2,16E+16;7,02E+15;8,20E+15;-7833
904;134;6,83E+15;183;9887
907;152;7,81E+15;67;-8819
908;159;6,41E+15;2;6199
909;1,43E+16;778;79;-9446
910;227;691;8,20E+15;-924
913;0;8,76E+15;124;7936
914;8,20E+15;8,37E+15;8;-8246
915;87;7,14E+15;199;9715
916;156;767;77;-9163
917;175;701;124;-1513
918;0;10;0;0
919;1,76E+16;752;71;-8245
920;147;767;86;-9802
921;151;66;189;8232
922;108;7,91E+15;101;182
923;0;8,64E+15;136;6249
924;0;853;147;6322
925;308;584;108;-9807
926;8,90E+15;843;68;129
927;181;715;103;-958
928;22;737;44;-987
929;119;794;87;-83
930;105;7,39E+15;156;9094
931;42;887;71;7068
932;34;8,39E+15;127;7177
933;1;8,69E+15;121;9476
934;157;75;93;-9425
935;118;7,56E+15;126;3481
936;3;883;8,80E+15;8229
937;65;845;9;3031
938;117;836;47;-8604
939;0;8,44E+15;156;775
940;0;879;121;8538
943;206;72;7,40E+15;-9896
944;57;905;38;-2846
945;107;764;128;631
946;1,64E+16;71;127;-6289
947;67;899;33;-7319
948;168;726;106;-8323
949;86;866;48;-6851
950;8,90E+15;723;189;8923
951;57;86;8,20E+15;2406
952;1,69E+16;759;7,20E+15;-9977
953;63;825;112;8183
954;221;619;161;-6136
955;118;636;246;9377
956;81;7,49E+15;17;8862
957;127;826;47;-8334
958;166;782;51;-9903
959;276;5,82E+15;142;-9715
960;237;708;55;-9789
961;112;818;7;-7798
962;0;713;287;8146
963;92;908;0;-6199
964;1,80E+16;921;6;7059
965;162;677;162;18
966;133;745;121;2244
967;66;821;114;4215
968;112;68;208;9236
969;145;7,49E+15;107;-9513
970;93;8,39E+15;68;-5283
971;337;47;193;-471
972;1,44E+16;7,29E+15;127;-8423
973;11;6,97E+15;194;9296
974;49;728;223;9569
975;8,80E+15;833;79;-5,58E+15
976;93;828;79;-4025
977;118;7,39E+15;1,43E+16;8397
978;1,67E+16;733;1;-9933
979;68;894;3,70E+16;-2685
980;33;85;117;7757
981;139;805;55;-9294
982;109;764;127;911
983;161;713;126;-1808
984;61;74;2;9287
985;128;733;139;3271
986;0;679;321;6369
989;132;754;114;-4606
990;73;85;77;163
991;258;626;116;-9729
992;0;8;2;8176
993;181;757;62;-9761
994;19;7,29E+15;8;-9933
995;2,70E+16;914;6;4329
996;117;7,24E+15;159;7056
997;159;8,22E+15;19;-9889
998;124;782;94;-1674
999;71;81;12;8759
1000;195;75;55;-9805
1001;63;754;183;7705
1002;81;77;149;9964
1003;209;601;19;-4486
1006;263;6,56E+15;81;-9881
1007;1,86E+16;687;128;-8283
1008;175;728;97;-9907
1009;8,20E+15;7,93E+15;125;6283
1010;34;8,08E+15;158;7574
1011;7,20E+15;846;8,20E+15;5657
1012;112;675;213;5983
1013;135;8,29E+15;3,60E+16;-9396
1014;77;733;19;9927
1015;0;7,88E+15;212;8944
1016;145;769;86;-8593
1017;145;792;63;-9594
1018;1,86E+16;743;71;-7608
1019;276;636;8,80E+15;-8467
1020;68;795;1,37E+16;9724
1021;62;826;112;78
1022;0;915;85;6632
1023;39;856;105;9134
1024;64;73;206;9554
1025;187;659;154;-9112
1026;131;774;94;-5789
1027;203;797;0;-8636
1028;122;726;152;708
1029;103;74;156;7107
1030;181;738;81;-9018
1031;0;967;33;3612
1032;121;8,24E+15;55;-7412
1033;39;637;324;9696
1034;16;757;83;-6848
1035;157;7,66E+15;77;-8631
1036;161;7,02E+15;1,37E+16;-7795
1037;96;78;124;935
1038;149;716;135;-4805
1039;0;87;13;8759
1040;22;8,08E+15;17;9695
1041;112;773;116;4241
1042;9;807;102;-2871
1043;156;725;119;-5281
1044;62;888;5;-2575
1045;177;759;64;-9552
1046;57;7,98E+15;145;9586
1047;124;797;79;-7809
1048;33;5,48E+15;122;-9667
1049;68;7,09E+15;222;7422
1050;0;855;145;8695
1051;128;775;97;-7573
1052;277;669;5,40E+16;-9798
1053;212;7,14E+15;7,40E+15;-857
1054;138;759;103;-9525
1055;84;841;7,40E+15;4747
1056;0;10;0;0
1057;196;763;42;-9832
1058;2;927;5,20E+16;4944
1059;97;773;13;7682
1060;125;83;46;-9441
1061;2,70E+16;884;8,90E+15;8151
1062;105;807;8,80E+15;-4945
1063;222;665;113;-9621
1064;273;608;119;-9076
1065;175;773;51;-7,91E+15
1066;0;633;3,67E+15;8504
1069;119;8,81E+15;0;-7717
1070;56;67;274;988
1075;145;777;78;-6,89E+15
1076;111;746;1,43E+16;9709
1077;108;812;8;-9387
1078;121;746;133;8691
1079;51;8,24E+15;125;89
1080;24;94;3,60E+16;-1431
1081;173;78;48;-7219
1082;2,70E+16;85;123;8782
1083;161;785;5,40E+16;-9611
1084;91;665;244;8436
1085;13;792;77;-6199
1086;5,20E+16;905;43;-1764
1087;0;10;0;0
1088;124;8,03E+15;73;-9772
1089;1,67E+16;733;1;-8225
1090;17;7,98E+15;32;-7494
1091;64;777;159;7399
1092;83;8,22E+15;95;1654
1093;66;804;13;8042
1094;1,37E+16;698;165;8339
1095;1;763;1,37E+16;6372
1096;233;7,34E+15;33;-9264
1097;1,64E+16;735;101;-9923
1098;251;6,86E+15;63;-8069
1099;239;648;113;-9925
1100;174;768;58;-968
1101;135;8,54E+15;11;-9817
1102;123;6,81E+15;196;6269
1103;97;831;71;-6632
1104;214;747;39;-9787
1105;117;773;11;-308
1106;57;7,66E+15;1,76E+16;5529
1107;75;8,27E+15;98;5987
1108;1,37E+16;767;96;-982
1109;21;782;197;968
1110;86;733;181;9305
1111;1,80E+16;8,22E+15;16;9722
1112;5,40E+16;789;158;9542
1113;136;733;131;2629
1114;103;769;128;8793
1115;57;943;0;-4404
1116;84;8;116;6954
1117;66;722;212;8834
1118;0;936;64;5775
1119;112;7,34E+15;154;6369
1120;97;785;118;8141
1121;208;7,02E+15;9;-9964
1122;116;848;3,60E+16;-9063
1123;184;722;94;-9411
1124;15;675;174;6035
1125;129;706;165;4504
1126;0;738;262;8738
1127;195;672;133;-9406
1128;68;872;61;34
1129;96;825;79;-294
1130;105;828;67;-6412
1131;28;8,11E+15;161;9993
1134;3,60E+16;772;192;938
1135;87;6,86E+15;227;9981
1136;124;721;155;4515
1137;1,69E+16;7,49E+15;8,20E+15;-9936
1138;171;713;116;-8685
1141;196;7,56E+15;48;-9674
1142;0;10;0;0
1143;217;583;199;-3857
1144;3,52E+16;648;0;-9419
1145;125;784;91;-8312
1146;159;6,81E+15;16;-2263
1147;67;804;129;5994
1148;93;82;86;-7903
1149;4;8,34E+15;126;8695
1152;121;76;119;-488
1155;1,78E+16;735;87;-9769
1156;63;818;119;5706
1157;246;6,61E+15;93;-9669
1158;198;7,39E+15;63;-9905
1159;147;754;99;-8565
1160;168;7,12E+15;121;-9962
1161;175;69;134;-8317
1162;44;705;252;9627
1163;0;861;139;6808
1164;106;754;139;9698
1165;0;6,76E+15;324;8622
1166;154;76;86;-8619
1167;1,64E+16;802;34;-9705
1168;0;909;91;5267
1169;73;7,56E+15;171;9013
1170;111;889;0;-8,19E+15
1171;206;597;197;-205
1172;3;8,69E+15;1;7022
1173;53;812;135;9372
1174;62;8,27E+15;111;9604
1175;166;738;96;-9817
1176;119;782;99;1411
1177;0;7,81E+15;219;7339
1178;12;7,93E+15;87;-6298
1179;62;841;97;9042
1180;63;8;138;7918
1181;221;6,89E+15;9;-9911
1182;227;727;46;-9785
1183;0;575;425;9895
1184;9,00E+15;7,04E+15;287;9983
1185;95;8,03E+15;102;5008
1186;48;757;195;9942
1187;1;728;262;9953
1188;192;725;83;-9767
1189;11;7,51E+15;139;1163
1190;8,90E+15;8,14E+15;97;579
1191;156;768;76;-9678
1192;1,48E+16;755;97;-7237
1193;65;845;9;7757
1194;38;857;105;9638
1195;244;662;94;-9841
1196;64;782;154;7341
1197;33;818;149;8847
1198;65;86;75;7164
1199;3,60E+16;8,34E+15;13;8683
1200;19;768;41;-8658
1201;196;654;15;-6304
1202;134;835;31;-9837
1203;8,90E+15;7,81E+15;13;8142
1204;19;637;173;-9566
1205;75;816;11;4101
1206;201;7,19E+15;8;-9762
1207;138;763;99;-9419
1208;0;92;8;6553
1209;73;8,03E+15;124;8027
1210;67;8,91E+15;42;-264
1211;94;7,96E+15;11;-2415
1214;8;8,74E+15;46;-129
1215;9,00E+15;856;134;9629
1216;134;785;81;-3453
1217;161;66;179;164
1220;194;722;85;-9881
1221;103;877;21;-8768
1222;92;77;138;9347
1223;15;726;124;-2669
1224;129;8;71;-6249
1225;134;79;76;-4404
1226;0;905;95;4871
1227;66;7,88E+15;147;9329
1228;435;565;0;-7713
1229;7,20E+15;7,51E+15;177;9899
1230;71;727;201;8642
1233;63;8,29E+15;108;7545
1234;79;848;73;-3038
1235;39;883;77;7275
1236;15;731;119;-948
1239;76;792;132;8223
1240;124;8,76E+15;0;-7034
1241;119;8,11E+15;7;-7755
1242;13;77;1;-6464
1243;7;779;151;964
1244;131;8,22E+15;47;-9839
1245;139;7,98E+15;63;-9391
1246;97;903;0;-481
1247;0;785;215;9133
1250;188;6,78E+15;134;-9874
1251;71;88;49;-6372
1252;182;569;249;7505
1253;119;862;19;-9728
1254;202;64;157;-9038
1255;1,69E+16;736;95;-9212
1256;168;782;5;-8471
1257;152;736;113;-6627
1258;185;68;135;-5652
1259;119;767;113;-4649
1260;34;716;249;9183
1261;132;713;155;124
1262;69;889;42;-2272
1263;87;736;177;9893
1264;96;823;8;-2168
1265;279;721;0;-8519
1266;0;10;0;0
1267;121;778;101;-6181
1268;0;10;0;0
1269;207;628;165;-8783
1270;192;7,51E+15;57;-9059
1271;159;746;95;-9999
1274;123;861;16;-9903
1275;68;884;48;-5106
1276;65;715;22;7745
1277;1,43E+16;794;63;-967
1278;146;8,17E+15;3,70E+16;-9784
1279;138;7,91E+15;71;-9316
1280;152;593;255;951
1281;92;799;109;7642
1282;78;8,24E+15;97;7001
1283;138;8,01E+15;61;-8382
1284;103;7,51E+15;145;7046
1285;104;753;1,43E+16;212
1286;87;78;133;9931
1287;83;8,06E+15;111;8515
1288;91;8,44E+15;64;-1263
1289;87;754;159;9533
1290;139;773;8,80E+15;-9039
1291;67;8,27E+15;106;9676
1292;136;7,02E+15;162;6976
1293;84;846;7;-51
1294;25;878;97;6126
1295;3,60E+16;8,86E+15;77;3804
1296;85;8,22E+15;93;128
1299;208;6,58E+15;134;-6187
1300;5,40E+16;919;2,70E+16;-4926
1301;114;7,24E+15;161;7558
1302;35;816;1,48E+16;6553
1305;71;723;205;9624
1306;193;6,78E+15;128;-7578
1307;2,70E+16;737;236;967
1308;11;8,06E+15;84;705
1309;3,70E+16;862;101;5868
1310;228;615;156;-7659
1311;152;7,66E+15;8,20E+15;-6088
1312;43;957;0;-2144
1313;207;693;101;-9926
1314;107;71;183;7378
1315;64;836;99;9432
1316;183;764;5,20E+16;-9651
1317;14;7,93E+15;66;-9801
1318;117;7,71E+15;111;-5034
1319;213;665;122;-9808
1320;27;599;131;-9704
1321;5;794;156;9723
1322;104;7,49E+15;147;5075
1323;1,64E+16;7,49E+15;87;-9971
1324;13;66;21;9868
1325;97;6,86E+15;217;927
1326;69;799;132;8033
1329;226;596;1,78E+16;-8201
1330;44;897;59;6322
1331;212;631;157;-9647
1332;135;762;103;-9072
1333;172;6,83E+15;145;-9514
1334;6;8,03E+15;1,37E+16;8424
1335;95;742;163;997
1336;24;76;0;-857
1339;194;711;95;-6824
1340;224;6,78E+15;98;-9987
1341;111;807;81;-7389
1342;92;8;108;4728
1343;154;6,76E+15;171;3635
1344;0;917;83;8095
1345;237;73;33;-9067
1346;301;5,59E+15;14;-96
1347;129;754;118;1065
1348;185;7,39E+15;77;-7851
1349;171;6,71E+15;157;-1528
1350;127;74;133;-264
1351;234;636;13;-9952
1352;151;7,76E+15;73;-3009
1353;195;731;73;-9989
1354;105;769;126;5844
1355;112;728;16;9921
1356;1,44E+16;8;56;-765
1357;6;8,14E+15;126;4329
1358;116;8,32E+15;5,20E+16;-9356
1359;5,20E+16;8,44E+15;104;955
1360;119;773;108;-5701
1361;96;71;194;4137
1362;101;899;0;-8734
1365;308;657;35;-9892
1366;149;799;5,20E+16;-9777
1367;141;7,71E+15;8,80E+15;-5318
1368;214;732;5,40E+16;-9168
1369;187;782;31;-9107
1370;101;813;87;-2382
1371;132;7,34E+15;134;4121
1372;7,20E+15;8;128;7624
1373;141;757;103;-9672
1374;218;644;138;-9489
1375;123;769;108;-4116
1376;33;831;1,37E+16;9931
1377;1,64E+16;652;184;8013
1378;12;742;1,37E+16;2915
1379;28;877;95;8079
1380;119;8,34E+15;47;-7102
1383;198;5,54E+15;248;6108
1384;69;83;101;7798
1385;32;8,39E+15;129;4953
1386;93;8,29E+15;78;-3372
1387;162;745;94;-7218
1388;214;762;24;-9731
1389;28;898;7,40E+15;746
1390;7,40E+15;79;1,37E+16;8743
1391;1;8,37E+15;154;9573
1392;9;848;62;-5994
1395;39;826;135;7888
1396;8;7,83E+15;1,37E+16;5423
1397;45;8,44E+15;111;7195
1398;111;773;116;-4448
1399;125;7,71E+15;104;-8678
1400;116;7,83E+15;101;1431
1401;86;8;113;5279
1402;122;8,24E+15;5,40E+16;-4871
1403;35;518;448;9498
1404;133;784;84;-9665
1405;131;733;135;138
1406;132;737;131;6959
1407;168;722;11;-9841
1408;41;853;106;594
1409;103;7,93E+15;105;258
1410;174;778;48;-9518
1411;6;846;94;8847
1412;229;659;112;-9976
1413;229;659;113;-9791
1414;223;703;7,40E+15;-9849
1415;0;833;1,67E+16;875
1416;125;8,39E+15;3,70E+16;-8805
1417;46;7,12E+15;242;9891
1418;122;8,32E+15;46;-9721
1419;254;698;48;-9676
1420;5;866;84;8,76E+15
1421;152;725;123;-9061
1422;121;745;134;2129
1423;0;10;0;0
1424;158;716;126;-8934
1425;11;7,96E+15;94;-6966
1428;112;767;122;2123
1429;85;805;11;4661
1430;1;722;1,78E+16;5719
1431;0;10;0;0
1432;11;77;12;5192
1433;66;884;5;-4371
1436;155;769;76;-9184
1437;0;10;0;0
1438;6,99E+15;301;0;-8514
1439;111;802;87;-7779
1440;215;665;12;-8299
1441;94;716;19;8104
1442;175;732;93;-9871
1443;125;735;141;3729
1444;129;871;0;-6694
1445;157;723;119;-9332
1448;139;8,08E+15;53;-9869
1449;278;6,92E+15;3;-989
1450;47;892;62;2846
1451;102;752;146;8954
1454;163;72;117;-8775
1455;12;774;105;-3182
1456;191;769;41;-7992
1457;0;934;66;8349
1458;3,72E+15;5,49E+15;79;-7003
1459;139;79;7,20E+15;-9702
1460;76;858;66;-719
1461;9;7,07E+15;203;9556
1462;8,20E+15;723;195;97
1463;18;72;1;-9187
1464;139;7,96E+15;66;-5719
1465;263;737;0;-6553
1468;7;828;102;6428
1469;238;706;55;-9845
1470;8,20E+15;835;83;872
1471;131;674;195;6968
1472;121;7,81E+15;98;-8636
1473;86;856;58;-875
1474;168;7,24E+15;108;-9937
1475;7,20E+15;815;113;8615
1476;103;8;97;6561
1477;139;72;14;726
1478;38;856;105;5903
1479;0;10;0;0
1480;139;725;136;-6543
1481;197;705;98;-9247
1482;0;10;0;0
1483;106;828;66;-5351
1484;175;596;229;4981
1485;128;816;57;-9563
1486;1;7,51E+15;149;8571
1487;165;636;199;-3167
1488;0;425;575;9042
1489;158;8,11E+15;31;-92
1490;0;10;0;0
1491;157;843;0;-8405
1492;163;7,07E+15;131;211
1495;113;8,14E+15;73;-9784
1498;4;9;6;556
1499;1,69E+16;8,06E+15;25;-8905
1500;119;8,81E+15;0;-4767
1501;161;753;86;-9855
1502;273;58;147;-9888
1503;71;773;156;9802
1504;9;8;11;5826
1505;1,67E+16;7,34E+15;1;-8934
1506;84;733;183;8334
1507;126;833;41;-9862
1508;0;794;206;6908
1509;123;833;44;-9892
1510;7;8,34E+15;96;9286
1511;188;753;59;-9604
1512;1,64E+16;7,19E+15;118;-6202
1513;365;635;0;-8481
1514;131;754;115;-6865
1515;151;736;112;-6113
1516;25;655;94;-8645
1517;0;10;0;0
1518;234;653;113;-9978
1519;0;938;62;1431
1520;21;6,63E+15;127;-9019
1521;112;743;145;9501
1522;81;82;99;222
1523;134;7,56E+15;11;-8192
1524;19;768;41;-9808
1525;141;809;5;-9179
1526;193;7,86E+15;2;-992
1527;145;8,24E+15;31;-795
1528;161;7,66E+15;73;-9953
1529;165;738;97;-8796
1530;114;805;8;-2052
1531;22;915;63;8594
1532;84;901;15;-7264
1533;69;758;173;8352
1534;61;847;92;6601
1537;21;7,02E+15;8,80E+15;-9966
1538;123;809;67;-9949
1539;76;669;256;8818
1540;116;8,29E+15;55;-8008
1541;22;927;51;7299
1542;59;8,37E+15;103;9391
1543;138;8,49E+15;13;-9707
1544;121;7,29E+15;151;9297
1545;173;7,19E+15;108;-9657
1546;298;617;85;-9423
1547;114;77;116;-261
1548;5;7,83E+15;166;9505
1549;11;6,94E+15;197;4846
1550;109;8,76E+15;15;-7591
1551;151;775;7,40E+15;-9445
1552;124;68;195;9824
1553;0;10;0;0
1554;104;785;111;5534
1555;1,69E+16;831;0;-8364
1558;76;76;1,64E+16;6494
1559;79;6,68E+15;254;7615
1560;166;7,12E+15;122;-9013
1561;109;703;188;8402
1562;5;897;5,40E+16;4617
1563;1,43E+16;735;122;2263
1564;91;775;134;9829
1565;5,40E+16;725;22;9976
1566;83;784;133;6693
1567;108;818;7,40E+15;-9333
1568;28;8,01E+15;171;9513
1569;199;674;127;-5919
1570;3,60E+16;802;162;8463
1571;83;813;104;3923
1572;32;61;7;-9668
1573;121;667;213;8906
1574;273;552;175;-7082
1575;24;927;49;4137
1576;119;86;21;-8239
1577;133;698;1,69E+16;9602
1578;182;69;128;-9525
1579;34;88;86;8505
1580;126;748;126;146
1581;0;851;149;8988
1582;165;728;107;-8906
1583;118;79;92;-8069
1584;189;732;78;-9946
1585;128;853;19;-9398
1586;53;785;161;7436
1587;128;81;62;-5313
1588;153;773;73;-6269
1589;455;545;0;-8,76E+15
1590;75;72;205;9932
1591;1,86E+16;6,76E+15;139;-9202
1592;155;67;175;-2835
1593;183;626;191;-2856
1594;19;745;65;-991
1595;98;809;93;2869
1596;76;838;86;1352
1597;199;662;139;-7341
1598;16;846;138;7926
1599;128;599;273;9826
1600;56;8,22E+15;122;7149
1601;48;736;2,16E+16;7131
1602;117;8,03E+15;8;-572
1603;136;8,37E+15;28;-835
1604;61;708;23;9349
1605;109;797;94;1003
1606;75;8;125;5197
1607;161;8;39;-9741
1608;42;898;6;4767
1609;142;795;63;-9179
1610;94;752;154;9402
1611;156;703;141;-8906
1612;95;855;49;-8126
1613;46;87;84;8709
1614;1;823;76;-8436
1615;133;805;62;-8047
1616;145;755;1;-3685
1617;1,43E+16;857;0;-7691
1618;101;8,37E+15;62;-8483
1619;151;75;99;-995
1620;1,43E+16;731;126;-8698
1621;95;759;145;8885
1622;101;7,14E+15;185;9875
1623;1;884;16;-9067
1624;0;7,91E+15;209;4404
1625;222;721;57;-7677
1626;209;594;197;-3632
1627;0;922;78;5439
1628;56;847;97;9325
1629;49;787;165;9979
1630;62;866;7,20E+15;6427
1631;165;698;1,37E+16;-9588
1632;14;7,76E+15;84;-7232
1633;29;778;193;9582
1636;109;792;99;-1431
1637;75;78;145;5719
1638;108;797;95;-8446
1639;29;804;1,67E+16;9181
1640;231;638;132;-9956
1641;149;733;117;-6152
1642;179;787;34;-963
1643;121;7,88E+15;9;-2669
1644;23;901;77;6553
1645;45;862;93;4753
1646;4;838;158;9862
1647;134;721;145;-3487
1648;196;738;65;-996
1649;142;588;27;9407
1650;136;7,81E+15;83;-9278
1651;98;779;123;9563
1652;105;774;12;8472
1653;6;84;99;9669
1654;172;6,89E+15;14;-7184
1655;25;871;103;9209
1656;1,48E+16;764;87;-9427
1657;201;738;61;-9805
1658;87;8,64E+15;5;-4738
1659;136;8,11E+15;5,20E+16;-9446
1660;0;897;103;7579
1661;49;7,88E+15;163;9836
1662;184;711;104;-9831
1663;158;736;106;-6866
1664;77;8,76E+15;47;-3925
1665;22;708;7,20E+15;-9973
1666;174;775;51;-9132
1669;7,40E+15;8,19E+15;107;2836
1670;1;7,07E+15;193;9924
1671;7;7,83E+15;146;6966
1672;51;7,96E+15;152;691
1673;0;7,24E+15;276;9074
1674;156;6,68E+15;1,76E+16;9626
1675;277;6,92E+15;31;-975
1676;1,78E+16;757;64;-7309
1677;157;742;1;-3695
1678;96;904;0;-3818
1679;67;816;117;5775
1680;109;805;86;-5792
1681;123;774;103;-8691
1682;1,64E+16;741;96;-977
1683;119;701;18;9897
1684;355;6;45;-9559
1685;147;764;8,90E+15;-9868
1686;113;8,03E+15;84;-4696
1687;11;6,99E+15;191;9608
1688;117;8,29E+15;5,40E+16;-9928
1689;1,80E+16;9;8,20E+15;7607
1690;134;773;94;-8559
1691;182;768;5;-6911
1692;28;861;111;8912
